id,first_name,last_name,email,password
1,Vitor,ramos, vitorrt2015@gmail.com,minha_senha
2,Julio,marcos, marcos@gmail.com,minha_senha2
3,lucas,coisa,marcos@gmial.com,coisa
4,lucas,coisa,marcos@gmial.com,coisa
5,lucas,coisa,marcos@gmial.com,coisa
6,Luana,marcela,luanas@gmial.com,coisa
7,Luana,marcela,luanas@gmial.com,cosa
8,Luana,marcela,luanas@gmial.com,cosa
9,Luana,marcela,luanas@gmial.com,cosa
10,Luana,marcela,luanas@gmial.com,cosa
11,Luana,marcela,luanas@gmial.com,cosa
12,Luana,marcela,luanas@gmial.com,cosa
13,Luana,marcela,luanas@gmial.com,cosa
14,Luana,marcela,luanas@gmial.com,cosa
15,Luana,marcela,luanas@gmial.com,cosa
16,Luana,marcela,luanas@gmial.com,cosa
